MD5Leo,ProviderId
Aab31395b907aea180788dc273962bb8d,USGS_EROS
A775276624d672e1f01f029da5733f3de,LAADS
A641bb8c46209f7622a328c745cc5bd59,NOAA_NCEI
Acf09232ec4fc8dc3c8ae8e517e17908e,MOPITT
Aafafc7a086f96baed3f76650e4fcdc5d,ESA
Af7e71a7f79f4ad726a9e2a5875b04723,AU_AADC
Ab08927634efee7efc1944e69febb5ef0,EUMETSAT
A2cf73b80302619aeeb5a42b45dba149e,OMINRT
Ab422e887c318a2193b751c182430ccce,PODAAC
Af6f4ec5e05a0dbfaa56d125a9df658fc,NSIDCV0
Afe1d03c037e8fd78d8fd3fc2d538e7e9,JAXA
A3d6e4c0e525537ea2cad6f9bc6c53bf6,GES_DISC
A974e7087045f2e453702cc7efe4c973d,USGS_LTA
Af4bb8aba6f7b49a08f875d56633dc960,LANCEMODIS
Afd5a86d98043f6f57c2f6d3aab7ec513,SCIOPS
A394c07307f723eb4b06da53d2e8b67d3,CDDIS
A19de6a91d2ca9d91721d82f1bd8102b6,ASF
A95a55d53dec183e410f166825115c106,LARC_ASDC
A3ae36bb182d54ad84a4876cedd3f99dd,NCCS
Aef14d51ee0c88f373c023adb00b0da7a,LARC
A9d5e7b05cf6061e389f56ed98f304f27,GHRC
A6a6061e6ea6f913c3879329ad6588b11,LPDAAC_ECS
A882612a23951a1bf528e141d6ca016b7,ORNL_DAAC
A9075c7b516b771c219b6ce7e042ff8de,ISRO
A841c8cda8874a7b8f243631dab683680,LM_FIRMS
A0d04c3e74edc5f02a3fa71b0bb3ea519,LANCEAMSR2
Ac90074478a87666f881ab67d26c9b50a,NSIDC_ECS
A046dd5f2a832a0b45de5e12e2bc0d1f3,OB_DAAC
Aa83796612785cd1cb00b06c27c5a56e3,SEDAC
